name,09/30/2025,06/30/2025,03/31/2025,12/31/2024,09/30/2024,06/30/2024,03/31/2024,12/31/2023,09/30/2023,06/30/2023,03/31/2023,12/31/2022,09/30/2022,06/30/2022,03/31/2022,12/31/2021,09/30/2021,06/30/2021,03/31/2021,12/31/2020,09/30/2020,06/30/2020,03/31/2020,12/31/2019,09/30/2019,06/30/2019,03/31/2019,12/31/2018,09/30/2018,06/30/2018,03/31/2018,12/31/2017,09/30/2017,06/30/2017,03/31/2017,12/31/2016,09/30/2016,06/30/2016,03/31/2016,12/31/2015,09/30/2015,06/30/2015,03/31/2015,12/31/2014,09/30/2014,06/30/2014,03/31/2014,12/31/2013,09/30/2013,06/30/2013,03/31/2013,12/31/2012,09/30/2012,06/30/2012,03/31/2012,12/31/2011,09/30/2011,06/30/2011,03/31/2011,12/31/2010,09/30/2010,06/30/2010,03/31/2010,12/31/2009,09/30/2009,06/30/2009,03/31/2009,12/31/2008,09/30/2008,06/30/2008,03/31/2008,12/31/2007,09/30/2007,03/31/2007
TotalAssets,"462,532,211","444,241,235","457,343,460","456,927,265","459,449,162","464,656,696","468,545,021","448,939,143","466,256,544","466,338,206","475,229,516","474,464,769","472,329,079","482,359,553","493,814,103","507,175,310","524,050,564","547,116,001","554,813,252","575,621,032","619,678,388","602,881,424","664,363,954","676,089,833","699,431,035","310,056,562","327,431,844","335,138,771","366,486,438","1,295,957,653","610,982,563","568,441,507","456,834,717","453,099,361","519,840,116","574,506,637","479,557,349","470,702,891","470,461,130","523,413,101","470,181,236","457,313,197","455,244,300","477,636,709","491,130,711","503,573,853","491,236,724","539,034,197","454,377,455","486,292,236","457,818,481","478,872,378","442,423,630","456,399,011","460,720,127","462,239,975","400,899,639","448,967,268","435,447,036",,,"435,514,705","428,503,100","476,265,712","460,120,408","471,056,374","471,245,056","466,009,374","477,329,495.991","443,226,968.583","436,718,427.533","169,647,560.313","131,090,287.872","108,165,450"
	CurrentAssets,"126,538,828","70,183,150","73,240,281","66,639,674","60,273,299","63,686,478","78,756,076","70,444,891","75,466,731","67,111,074","73,091,496","65,262,522","66,279,807","67,019,214","69,395,520","75,407,150","80,340,589","98,050,077","104,406,624","120,939,600","132,484,747","141,652,646","186,528,072","183,560,151","155,658,715","180,273,555","197,701,280","213,394,902","234,275,349","1,158,872,744","489,333,342","366,816,403","253,431,706","251,523,929","295,945,492","337,219,746","232,983,592","214,585,437","316,488,151","370,244,913","311,597,097","304,096,677","312,950,666","336,861,132","383,987,029","397,814,308","398,092,847","445,058,865","354,686,164","384,736,779","354,770,096","372,176,048","333,303,563","350,449,862","355,069,384","356,225,933","295,938,906","341,381,566","325,491,044",,,"317,632,376","309,073,697","333,629,063","338,276,794","398,184,685","399,001,929","420,294,547","439,674,686.775","407,779,728.685","403,386,873.065","124,205,798.818","97,785,987.144","76,655,742"
		CashCashEquivalentsAndShortTermInvestments,"96,807,261","34,673,597","39,410,928","36,523,995","39,391,127","40,106,501","57,592,646","60,167,232","65,506,332","56,848,918","65,636,833","54,980,199","59,858,096","60,516,273","62,413,833","71,339,361","75,232,602","91,364,510","95,572,345","112,723,433","111,864,329","119,721,055","152,843,753","154,197,758","105,100,214","131,630,433","168,673,077","190,586,342","228,600,987","300,678,761","173,662,014","256,090,942","166,219,394","154,070,851","222,448,413","247,709,208","119,769,580","119,475,348","247,667,737","283,662,771","215,327,965","220,225,319","240,295,371","277,176,983","253,307,578","337,687,024","311,947,098","378,117,412","284,640,469","266,999,411","290,029,715","294,933,613","250,646,237","267,436,821","257,167,696","253,307,896","203,127,327","284,834,573","268,058,194",,,"219,082,287","213,874,252","255,254,159","233,719,719","301,814,681","310,503,071","340,018,595","348,818,941.956","332,907,948.308","332,261,100.039","44,458,395.456","52,589,934.568","45,019,114"
			CashAndCashEquivalents,"96,807,261","34,673,597","39,410,928","36,523,995","39,391,127","40,106,501","57,592,646","60,167,232","65,506,332","56,848,918","65,636,833","54,980,199","59,858,096","60,516,273","62,413,833","71,339,361","75,232,602","91,364,510","95,572,345","112,723,433","111,864,329","119,721,055","152,843,753","154,197,758","105,100,214","131,630,433","168,673,077","190,586,342","214,311,852","287,201,925","173,662,014","256,090,942","166,219,394","154,070,851","222,448,413","247,709,208","119,769,580","119,475,348","247,667,737","283,662,771","215,327,965","220,225,319","240,295,371","277,176,983","253,307,578","337,687,024","311,947,098","378,117,412","284,640,469","266,999,411","290,029,715","294,933,613","250,646,237","267,436,821","257,167,696","253,307,896","203,127,327","284,834,573","268,058,194",,,"219,082,287","213,874,252","255,254,159","233,719,719","301,814,681","310,503,071","340,018,595","348,818,941.956","332,907,948.308","332,261,100.039","44,458,395.456","52,589,934.568","45,019,114"
				CashFinancial,,,,,,,,,,,,,,,,,,,,,,,,,,,,,,,,,,,,,,,,,,"220,225,319","18,397,974","277,176,983","253,307,578","337,687,024","33,698,280","378,117,412","284,640,469","266,999,411","12,118,865","294,933,613","250,646,237","267,436,821","26,474,179","253,307,896","203,127,327","284,834,573","268,058,194",,,"219,082,287","213,874,252","255,254,159","233,719,719","301,814,681","310,503,071","340,018,595",,,,,,"45,019,114"
				CashEquivalents,,,,,,,,,,,,,,,,,,,,,,,,,,,,,,,,,,,,,,,,,,,"221,897,397",,,,"278,248,818",,,,"277,910,850",,,,"230,693,517",,,,,,,,,,,,,,,,,,,
			OtherShortTermInvestments,,,,,,,,,,,,,,,,,,,,,,,,,,,,,"14,289,135","13,476,836",,,,,,,,,,,,,,,,,,,,,,,,,,,,,,,,,,,,,,,,,,,,
		Receivables,"16,337,928","298,377","2,310,382","17,887,213","1,149,062","1,357,395","1,367,395","4,498,956","296,345","612,845","429,845","6,433,201","332,189","405,869","352,000","1,088,584","500,000","711,400","711,400","3,615,553","4,780,565","4,991,743","13,330,709","19,526,699","16,631,111","16,010,926","15,801,001","21,361,120","412,783","13,577","34,533",,"61,896,441","89,687,450","66,161,255","80,542,211","101,892,840","86,908,661","60,552,034","70,097,890","75,370,684","65,282,645","56,026,569","44,454,800","110,495,050","49,942,266","68,782,717","54,932,531","56,457,832","102,463,735","51,114,718","69,218,152","65,903,832","69,583,948","86,779,348","94,318,990","83,519,735","49,313,111","47,051,596",,,"88,837,158","82,900,060","61,212,194","87,407,955","78,927,592","71,076,794","71,246,371","79,331,656.202","64,495,451.212","63,514,727.473","67,202,506.359","29,624,551.808","16,997,421"
			AccountsReceivable,"298,376","298,377","2,310,382","2,712,845","1,149,062","1,357,395","1,367,395","2,235,490","296,345","612,845","429,845","5,852,038","332,189","405,869","352,000","938,189","500,000","711,400","711,400","2,245,194","752,314","804,138","475,691","214,591","879,279","977,747","1,277,303","439,783","412,783","13,577","34,533","100,105,027","61,896,441","89,687,450","56,161,255","70,542,211","91,892,840","76,908,661","50,552,034","70,097,890","75,370,684","65,282,645","48,150,046","44,454,800","110,495,050","49,942,266","68,353,075","54,932,531","56,457,832","102,463,735","51,114,718","69,218,152","65,903,832","69,583,948","81,844,571","94,318,990","83,519,735","49,313,111","47,051,596",,,"88,837,158","82,900,060","61,212,194","87,407,955","78,927,592","71,076,794","71,246,371","79,331,656.202","64,495,451.212","63,514,727.473","67,202,506.359","29,624,551.808","16,977,651"
				GrossAccountsReceivable,,,,,,,,,,,,,,,,,,,,,,,,,,,,,,,,,,,"61,560,981",,,,"55,427,300",,,,"53,153,164",,,,"73,041,508",,,,"86,119,787",,,,"111,944,576",,,,,,,,,,,,,,,,,,,
				AllowanceForDoubtfulAccountsReceivable,,,,,,,,,,,,,,,,,,,,,,,,,,,,,,,,,,,"-5,399,726",,,,"-4,875,266",,,,"-5,003,118",,,,"-4,688,433",,,,"-35,005,069",,,,"-30,100,005",,,,,,,,,,,,,,,,,,,
			LoansReceivable,,,,,,,,,,,,,,,,,,,,"0","4,028,251","4,187,605","4,190,917","4,126,502","15,751,832","15,033,179","14,523,698","14,532,685",,,,,,,,,,,,,,,,,,,,,,,,,,,,,,,,,,,,,,,,,,,,,,
			TaxesReceivable,"683,344",,,"853,359",,,,"624,883",,,,"581,163",,,,"150,395",,,,"1,370,359",,,,"4,694,272",,,,"2,675,486",,,,,,,,,,,"0",,,,"7,876,523",,,,"429,642",,,,"0",,,,"4,934,777",,,,,,,,,,,,,,,,,,,
			DuefromRelatedPartiesCurrent,"15,356,208",,,"14,321,009",,,,"1,638,583",,,,"0",,,,,,,,"0",,,,"1,960,403",,,,"3,713,166",,,,"0","0","0","10,000,000","10,000,000","10,000,000","10,000,000","10,000,000",,,,"0",,,,,,,,,,,,,,,,,,,,,,,,,,,,,,,"19,770"
			OtherReceivables,,,,,,,,,,,,,,,,,,,,,,,"8,664,101","8,530,931",,,,,,,,,,,,,,,,,,,,,,,,,,,,,,,,,,,,,,,,,,,,,,,,,,
		Inventory,,,,,,,,,,,,,,,,,,,,,,,,,,,,,,,,,,,,,,,,,,,,,,,,,,,,"582,237","786,687","379,384","374,382","282,540","542,130","269,637","344,909",,,"2,088,110","2,115,220","2,528,921","2,480,763","2,262,522","2,287,260","2,059,291","2,370,523.661","2,396,932.133","2,952,540.4","3,015,332.482","2,436,477.352","2,405,912"
		PrepaidAssets,"8,765,870",,,"10,030,414",,,,"2,683,926",,,,"1,419,377","6,089,522","6,097,072","6,629,687","998,833","4,607,987","5,974,167","8,122,879","253,608","15,839,853","16,939,848","20,353,610","1,605,908","33,927,390","12,632,196","13,227,202","13,919","5,261,579","9,607,962","3,763,806","10,620,434","25,315,871","7,765,628","373,071","8,968,327","11,321,172","8,201,428","982,530","16,484,252","20,898,448","18,588,713","1,432,927","15,229,349","20,184,401","10,185,018","1,134,415","12,008,922","13,587,863","15,273,633","1,022,036","7,442,046","15,966,807","13,049,709","1,378,350","8,316,507","8,749,714","6,964,245","10,036,345",,,"7,624,821","10,184,165","14,633,789","14,668,357","15,179,890","15,134,804","6,970,290","9,153,564.956","7,979,397.031","4,658,505.153","9,529,564.521","13,135,023.416","12,233,295"
		RestrictedCash,,,,,,,,,,,,,,,,,,,,,,,,,,"20,000,000",,,,,,,,,,,,,,,,,"0","0","0","0","2,700,000",,,,"0",,,,,,,,,,,,,,,,,,,,,,,
		CurrentDeferredAssets,,,,,,,,,,,,,,,,,,,,,,,,,,,,,,,,,,,,,,,"3,663,864",,,,"9,490,107",,,,"8,429,138",,,,"7,524,161",,,,"4,233,996",,,,,,,,,,,,,,,,,,,
			CurrentDeferredTaxesAssets,,,,,,,,,,,,,,,,,,,,,,,,,,,,,,,,,,,,,,,"3,663,864",,,,"9,490,107",,,,"8,429,138",,,,"7,524,161",,,,"4,233,996",,,,,,,,,,,,,,,,,,,
		AssetsHeldForSaleCurrent,,,,,,,,,,,,,,,,,,,,,,,,,,,,"0","0","848,572,444","311,872,989",,,,,,,,,,,,,,,,,,,,,,,,,,,,,,,,,,,,,,,,,,,
		OtherCurrentAssets,"4,627,769","35,211,176","31,518,971","2,198,052","19,733,110","22,222,582","19,796,035","3,094,777","9,664,054","9,649,311","7,024,818","2,429,745","6,089,522","6,097,072","6,629,687","1,980,372","4,607,987","5,974,167","8,122,879","4,347,006","15,839,853","16,939,848","20,353,610","8,229,786","33,927,390","12,632,196","13,227,202","1,433,521",,,,"0","25,315,871","7,765,628","6,962,753","8,968,327","11,321,172","8,201,428","7,285,850","16,484,252","20,898,448","18,588,713","5,705,692","15,229,349","20,184,401","10,185,018","5,099,479","12,008,922","13,587,863","15,273,633","5,079,466","7,442,046","0","0","5,509,994",,"0","0","0","0","0","0","0","0","0","0","0","0","0","0","0","0","0",
	TotalNonCurrentAssets,"325,149,043","374,058,085","384,103,179","390,287,591","399,175,863","400,970,218","389,788,945","378,494,252","390,789,813","399,227,132","402,138,020","409,202,247","406,049,272","415,340,339","424,418,583","431,768,160","443,709,975","449,065,924","450,406,628","454,681,432","487,193,641","461,228,778","477,835,882","492,529,682","543,772,320","129,783,007","129,730,564","121,743,869","132,211,089","137,084,909","121,649,221","201,625,104","203,403,011","201,575,432","223,894,624","237,286,891","246,573,757","256,117,454","153,972,979","153,168,188","158,584,139","153,216,520","142,293,634","140,775,577","107,143,682","105,759,545","93,143,877","93,975,332","99,691,291","101,555,457","103,048,385","106,696,330","109,120,067","105,949,149","105,650,743","106,014,042","104,960,733","107,585,702","109,955,992",,,"117,882,329","119,429,403","142,636,649","121,843,614","72,871,689","72,243,127","45,714,827","37,654,809.216","35,447,239.899","33,331,554.469","45,441,761.496","33,304,300.728","31,509,708"
		NetPPE,"58,179,029","66,281,123","72,455,859","74,605,847","79,874,661","75,162,663","67,398,265","53,627,232","61,958,624","66,321,551","66,778,485","70,377,517","66,874,379","72,322,155","76,353,429","78,921,393","84,591,774","79,977,740","78,969,661","79,898,302","74,199,533","64,292,739","73,577,810","82,857,085","79,477,123","36,137,840","36,841,094","37,430,741","40,197,548","41,181,396","41,387,921","52,460,885","51,197,629","52,393,418","51,868,914","53,615,797","55,568,086","58,799,397","57,229,727","58,306,034","59,453,371","60,872,721","62,720,375","64,450,121","53,037,137","54,595,572","55,814,182","57,719,490","59,331,694","60,476,126","61,310,690","63,219,070","64,892,096","60,956,663","59,890,306","59,547,033","59,305,163","61,312,909","63,040,178",,,"69,295,034","70,328,064","71,012,769","72,332,087","21,547,734","20,987,472","20,590,610","12,408,855.458","11,077,139.929","10,670,371.372","9,767,008.841","8,645,511.6","7,543,184"
			GrossPPE,"110,135,674","66,281,123","72,455,859","112,239,297","79,874,661","75,162,663","67,398,265","89,454,838","61,958,624","66,321,551","66,778,485","106,639,177","66,874,379","72,322,155","76,353,429","111,846,132","84,591,774","79,977,740","78,969,661","122,109,365","74,199,533","64,292,739","73,577,810","117,420,385","79,477,123","36,137,840","36,841,094","58,925,624",,,,,,,"119,659,843",,"55,568,086","58,799,397","117,734,327",,,,"115,347,127",,,,"101,964,588",,,,"106,310,901",,,,"98,403,994",,,,"95,808,638",,,,"92,670,895",,,,"33,367,493",,"19,158,467.345","17,835,910.91","17,584,906.116","14,205,305.161","13,199,803.848",
				Properties,"0",,,"0",,,,"0",,,,"0",,,,"0","0","0","0","0","0","0","0","0","0",,,"0",,,,,,,"0",,,,"0",,,,"0",,,,"0",,,,"0",,,,"0",,,,"0",,,,"0",,,,"0",,,,"0",,,
				BuildingsAndImprovements,"53,049,212",,,"53,049,213",,,,"53,049,213",,,,"53,049,213",,,,"53,049,213","47,974,936","42,146,872","40,789,196","53,049,213","34,878,923","24,485,273","32,688,812","53,049,213","36,543,284",,,"53,049,213",,,,,,,"53,049,213",,,,"53,049,213",,,,"53,049,213",,,,"53,049,213",,,,"53,049,213",,,,"53,049,213",,,,"53,049,213",,,,"53,049,213",,,,"0",,,,"3,789,634.009",,,
				MachineryFurnitureEquipment,"10,310,004",,,"10,853,730",,,,"7,450,268",,,,"7,497,247",,,,"7,768,468",,,,"9,440,533",,,,"9,165,291",,,,"5,181,226",,,,,,,"50,198,344",,,,"48,566,315",,,,"46,783,650",,,,"42,122,480",,,,"43,056,880",,,,"36,336,642",,,,"34,697,311",,,,"32,279,568",,,,"28,082,529",,,,"11,844,499.009",,,
				OtherProperties,"35,214,706","66,281,123","72,455,859","35,907,761","79,874,661","75,162,663","67,398,265","23,391,247","61,958,624","66,321,551","66,778,485","37,616,541","66,874,379","72,322,155","76,353,429","42,417,409","84,591,774","79,977,740","78,969,661","41,779,086","74,199,533","64,292,739","73,577,810","40,786,291","79,477,123","36,137,840","36,841,094",,,,,,,,"0",,"54,317,977","55,666,378","0",,,,"0",,,,"0",,,,"0",,,,,,,,,,,,,,,,,,,,"1,950,773.097",,,
				ConstructionInProgress,,,,,,,,,,,,,,,,,,,,,,,,,,,,,,,,,,,,,"1,250,109","3,133,019",,,,,,,,,,,,,,,,,,,,,,,,,,,,,,,,,,,,
				Leases,"11,561,752",,,"12,428,593",,,,"5,564,110",,,,"8,476,176",,,,"8,611,042",,,,"17,840,533",,,,"14,419,590",,,,"695,185",,,,,,,"16,412,286",,,,"16,118,799",,,,"15,514,264",,,,"6,792,895",,,,"10,204,808",,,,"9,018,139",,,,"8,062,114",,,,"7,342,114",,,,"5,284,964",,,,,,,
			AccumulatedDepreciation,"-51,956,645",,,"-37,633,450",,,,"-35,827,606",,,,"-36,261,660",,,,"-32,924,739",,,,"-42,211,063",,,,"-34,563,300",,,,"-21,494,883",,,,,,,"-67,790,929",,,,"-60,504,600",,,,"-52,626,752",,,,"-46,150,406",,,,"-45,000,211",,,,"-38,513,688",,,,"-32,768,460",,,,"-22,342,831",,,,"-12,380,021",,"-6,749,611.887","-6,758,770.981","-6,914,534.744","-4,438,296.32","-4,554,292.248",
		GoodwillAndOtherIntangibleAssets,"230,781,159","233,658,936","238,092,270","242,525,603","246,958,936","251,392,270","250,867,270","255,175,603","259,483,936","263,792,270","268,100,603","272,408,936","275,182,741","279,611,074","283,979,407","288,107,741","292,416,074","296,724,407","301,032,741","305,341,074","313,899,293","321,084,270","330,593,352","336,078,565","392,044,286","15,110,787","16,116,682","17,122,578","4,739,434","5,363,561","5,726,022","57,692,962","42,536,323","43,193,410","43,850,496","40,330,223","41,041,975","31,714,579","31,762,797","31,811,016","31,859,234","31,907,452","31,955,671","32,003,889","32,398,248","32,756,619","32,804,837","32,196,763","37,248,528","37,877,126","38,505,724","39,134,322","39,762,920","40,391,518","41,020,116","41,693,159","42,388,425","43,083,688","43,778,954",,,"45,932,523","46,629,441","47,326,358","48,023,276","48,720,194","49,417,111","6,880,123","6,937,050.711","6,876,381.709","6,881,459.738","6,890,005.354","6,883,059.576","6,880,123"
			Goodwill,"196,289,492","196,289,492","196,289,492","196,289,492","196,289,492","196,289,492","196,289,492","196,289,492","196,289,492","196,289,492","196,289,492","196,289,492","194,754,963","194,754,963","194,754,963","194,754,963","194,754,963","194,754,963","194,754,963","194,754,963","194,754,963","196,454,927","200,478,795","200,478,795","237,325,488",,,"0",,,,"32,009,025","32,523,983","32,523,983","32,523,983","32,523,983","32,523,983","31,011,902","31,011,902","31,011,902","31,011,902","31,011,902","31,011,902","31,011,902","31,011,902","31,011,902","31,011,902","31,011,902","23,422,850","23,422,850","23,422,850","23,422,850","23,422,850","23,422,850","23,422,850","23,422,850","23,422,850","23,422,850","23,422,850",,,"23,422,850","23,422,850","23,422,850","23,422,850","23,422,850","23,422,850","6,880,123","6,937,050.711","6,876,381.709","6,881,459.738","6,890,005.354","6,883,059.576","6,880,123"
			OtherIntangibleAssets,"34,491,667","37,369,444","41,802,778","46,236,111","50,669,444","55,102,778","54,577,778","58,886,111","63,194,444","67,502,778","71,811,111","76,119,444","80,427,778","84,856,111","89,224,444","93,352,778","97,661,111","101,969,444","106,277,778","110,586,111","119,144,330","124,629,343","130,114,557","135,599,770","154,718,798","15,110,787","16,116,682","17,122,578",,,,"25,683,937","10,012,340","10,669,427","11,326,513","7,806,240","8,517,992","702,677","750,895","799,114","847,332","895,550","943,769","991,987","1,386,346","1,744,717","1,792,935","1,184,861","13,825,678","14,454,276","15,082,874","15,711,472","16,340,070","16,968,668","17,597,266","18,270,309","18,965,575","19,660,838","20,356,104",,,"22,509,673","23,206,591","23,903,508","24,600,426","25,297,344","25,994,261",,,,,,,
		InvestmentsAndAdvances,"0","38,000,000","38,000,000","38,000,000","38,000,000","38,000,000","38,000,000","38,000,000","38,000,000","38,000,000","38,000,000","38,000,000","38,000,000","38,000,000","38,000,000","38,000,000","38,000,000","44,000,000","44,000,000","44,000,000","76,217,149","45,726,391","45,726,390","45,726,391","66,621,699","72,390,898","72,390,898","66,390,898","72,771,699","72,771,699","70,021,699","75,121,700","92,288,740","92,904,737","88,891,687","103,373,113","110,877,060","124,312,944","50,685,846","51,990,611","55,081,208","47,901,625","35,729,848","31,953,864",,,"0",,,,,,,,,,,,,,,,,,,,,,,,,,,"3,162,548"
			LongTermEquityInvestment,,,,,,,,,,,,,,,,,,,,,,,,,,,,,,,,,,,,,"110,877,060","124,312,944",,"51,990,611","55,081,208","47,901,625","35,729,848","31,953,864",,,"0",,,,,,,,,,,,,,,,,,,,,,,,,,,"3,162,548"
				InvestmentsinSubsidiariesatCost,,,,,,,,,,,,,,,,,,,,,,,,,,,,,,,,,,,,,,,,,,,,,,,,,,,,,,,,,,,,,,,,,,,,,,,,,,"3,162,548"
				InvestmentsInOtherVenturesUnderEquityMethod,,,,,,,,,,,,,,,,,,,,,,,,,,,,,,,,,,,,,,,,,,"47,901,625",,,,,,,,,,,,,,,,,,,,,,,,,,,,,,,,
			InvestmentinFinancialAssets,,,,,,,,,,,,,,,,,,,,,,,,,,,,,,"72,771,699","70,021,699",,,,,,,,,,,,,,,,,,,,,,,,,,,,,,,,,,,,,,,,,,,
		NonCurrentAccountsReceivable,,,,,,,,,,,,,,,,,,,,,,,,,,,,,,,,,,,,,,,,,,,,,,,,,,,,,,,,,,,,,,,,"22,266,860",,,,,,,,,,
		NonCurrentDeferredAssets,"1,581,981","674,306",,,,,,,,,,,,,,"0","2,665,776","2,535,181","2,486,780","2,491,792","1,159,562","11,238,150","10,222,684","11,464,891","1,030,738",,,"0",,"14,089,362","887,241","2,110,862","2,695,449","1,877,024","3,388,760",,,,"3,687,804",,,,,,,,,,,,,,,,,,,,,,,,,,,,,,,,,,,"9,462,485"
			NonCurrentDeferredTaxesAssets,"1,581,981","674,306",,,,,,,,,,,,,,"0","2,665,776","2,535,181","2,486,780","2,491,792","1,159,562","11,238,150","10,222,684","11,464,891","1,030,738",,,"0",,"14,089,362","887,241","2,110,862","2,695,449","1,877,024","3,388,760",,,,"3,687,804",,,,,,,,,,,,,,,,,,,,,,,,,,,,,,,,,,,
		OtherNonCurrentAssets,"34,606,874","35,443,720","35,555,050","35,156,141","34,342,266","36,415,285","33,523,410","31,691,417","31,347,253","31,113,311","29,258,932","28,415,794","25,992,152","25,407,110","26,085,747","26,739,026","26,036,351","25,828,596","23,917,446","22,950,264","21,718,104","18,887,228","17,715,646","16,402,750","4,598,474","6,143,482","4,381,890","799,652","14,502,408","3,678,891","3,626,338","14,238,695","14,684,870","11,206,843","35,894,767","39,967,758","39,086,636","41,290,534","10,606,805","11,060,527","12,190,326","12,534,722","11,887,740","12,367,703","21,708,297","18,407,354","4,524,858","4,059,079","3,111,069","3,202,205","3,231,971","4,342,938","4,465,051","4,600,968","4,740,321","4,773,850","3,267,145","3,189,105","3,136,860",,,"2,654,772","2,471,898","2,030,662","1,488,251","2,603,761","1,838,544","18,244,094","18,308,903.047","17,493,718.261","15,779,723.359","28,784,747.3","17,775,729.552","4,461,368"
TotalLiabilitiesNetMinorityInterest,"403,711,466","388,426,529","390,948,947","377,281,073","393,227,466","384,454,095","372,416,992","335,965,436","362,740,255","356,148,511","348,944,376","330,950,579","329,830,230","329,032,839","319,148,853","316,275,776","329,919,315","326,863,729","326,920,741","327,874,800","312,355,665","308,917,876","335,028,806","325,558,213","345,494,190","20,269,636","25,459,134","19,745,915","72,952,696","1,066,549,272","283,905,874","167,064,497","112,615,437","98,839,457","127,382,888","131,943,604","113,340,022","71,248,551","76,230,542","107,680,878","94,333,686","71,108,009","77,921,892","86,461,082","118,906,456","139,245,620","79,344,852","117,871,137","71,697,334","100,776,288","82,270,762","100,130,633","99,046,943","81,205,393","94,305,556","102,211,821","82,042,916","134,304,178","71,384,036",,,"80,403,841","83,028,232","92,542,008","83,038,197","78,428,517","91,004,272","72,307,409","88,869,128.786","66,261,161.441","73,570,462.001","82,847,051.077","66,833,234.088","53,516,785"
	CurrentLiabilities,"386,132,449","374,192,788","371,709,247","354,495,409","370,991,600","359,781,835","345,063,398","314,402,501","337,805,877","327,723,622","316,818,929","292,542,513","298,675,245","290,945,308","274,274,837","267,978,614","281,813,550","281,440,015","277,798,157","274,883,563","267,350,934","261,078,993","281,010,318","264,816,284","296,701,417","19,290,886","25,459,134","19,745,915","33,820,740","1,004,697,702","226,553,263","141,765,930","97,354,063","81,445,328","103,030,394","130,562,837","111,693,505","69,306,518","74,351,791","106,205,988","92,687,169","69,357,790","76,158,160","84,731,356","117,079,233","137,208,483","77,149,470","115,694,867","69,376,474","98,222,667","79,567,787","97,613,458","96,288,810","78,206,303","91,065,509","98,808,001","78,515,670","130,563,756","67,447,588",,,"75,649,238","78,222,903","87,260,903","77,634,322","74,454,156","85,188,536","66,008,209","82,584,023.427","59,371,569.434","66,543,131.388","75,394,598.393","59,282,940.56","45,619,551"
		PayablesAndAccruedExpenses,"14,008,487","48,255,332","52,432,984","22,422,102","51,063,959","50,169,191","50,231,121","21,005,188","48,843,471","49,696,010","55,663,198","26,466,870","45,274,553","46,601,405","48,130,774","24,778,155","40,508,329","39,998,217","47,433,161","28,462,004","46,008,703","50,608,407","72,047,397","49,065,397","57,530,645","18,417,592","23,925,158","12,122,830","17,427,040","26,741,540","26,312,829","130,960,979","60,404,354","70,462,038","37,326,175","113,808,369","58,283,715","58,974,284","36,655,053","96,234,188","54,832,328","62,542,345","35,447,738","76,260,808","87,171,535","127,385,177","54,933,052","101,182,599","62,465,159","87,459,102","58,025,343","88,787,916","54,415,195","68,000,053","52,721,136","78,881,667","59,497,843","114,353,912","48,346,969",,,"57,022,799","52,385,674","55,979,861","50,605,464","52,746,267","44,950,280","42,062,090","44,297,184.106","42,419,014.081","29,828,093.601","43,792,113.72","32,094,228.944","19,278,532"
			Payables,,,,,,,,"1,081",,,,"14,834",,,,"22,781",,,,"4,750,570","4,642,082","4,642,082","19,642,082","20,322,043","19,642,082",,,,,"26,741,540",,,,"3,245,425","3,142,101",,,,"7,428,460",,,,"9,464,154",,,"58,446,624","18,668,283",,,,"24,800,616",,,,"14,526,241",,,"63,634,726",,,,,,,,,,,,"42,419,014.081","29,828,093.601","6,799,144.769","4,299,623.144","5,546,140"
				AccountsPayable,,,,,,,,,,,,,,,,,,,,,,,,,,,,,,"26,741,540",,,,"67,216,613","734,571",,,,"532,185",,,,"1,409,520",,,"68,938,553","2,622,744",,,,"9,721,066",,,,"19,662,446",,,,,,,,,,,,,,,"42,419,014.081","29,828,093.601","6,799,144.769","4,299,623.144","5,546,140"
				TotalTaxPayable,,,,"0",,,,"1,081",,,,"14,834",,,,"22,781",,,,"108,488",,,,"679,961",,,,"0",,,,,,,"2,407,530",,,,"6,896,275",,,,"8,054,634",,,,"16,045,539",,,,"15,079,550",,,,"5,875,080",,,,,,,,,,,,,,,,,,,
					IncomeTaxPayable,,,,"0",,,,"1,081",,,,"14,834",,,,"22,781",,,,"108,488",,,,"679,961",,,,"0",,,,,,,"0",,,,"3,044,352",,,,"3,676,704",,,,"7,488,629",,,,"8,802,858",,,,"1,173,344",,,,,,,,,,,,,,,,,,,
				DividendsPayable,,,,,,,,,,,,,,,,,,,,,,,,,,,,,,,,,,"3,245,425",,,,,,,,,,,,"58,446,624",,,,,,,,,,,,"63,634,726",,,,,,,,,,,,,,,,
				DuetoRelatedPartiesCurrent,,,,,,,,,,,,,,,,,,,,,,,,,,,,,,,,,,,,,,,,,,,,,,,,,,,,,,,,,,,,,,,,,,,,,,,,,,"0"
				OtherPayable,,,,,,,,,,,,,,,,,,,,"4,642,082","4,642,082","4,642,082","19,642,082","19,642,082","19,642,082",,,,,,,,,"0","734,571",,,,"532,185",,,,"1,409,520",,,"0","2,622,744",,,,"9,721,066",,,,"8,651,161",,,"0",,,,,,,,,,,,"0","0","0","0",
			CurrentAccruedExpenses,"14,008,487","48,255,332","52,432,984","22,422,102","51,063,959","50,169,191","50,231,121","21,004,107","48,843,471","49,696,010","55,663,198","26,452,036","45,274,553","46,601,405","48,130,774","24,755,374","40,508,329","39,998,217","47,433,161","23,711,434","41,366,621","45,966,325","52,405,315","28,743,354","37,888,563","18,417,592","23,925,158","12,122,830","17,427,040",,,,"60,404,354","67,216,613","34,184,074","113,808,369","58,283,715","58,974,284","29,226,593","96,234,188","54,832,328","62,542,345","25,983,584","76,260,808","87,171,535","68,938,553","36,264,769","101,182,599","62,465,159","87,459,102","33,224,727","88,787,916","54,415,195","68,000,053","38,194,895","78,881,667","59,497,843","50,719,186","48,346,969",,,"57,022,799","52,385,674","55,979,861","50,605,464","52,746,267","44,950,280","42,062,090","44,297,184.106",,,"36,992,968.95","27,794,605.8","13,732,392"
		PensionandOtherPostRetirementBenefitPlansCurrent,,,,,,,,,,,,,,,,,,,,,,,,,,,,,,,,,,,,,,,,,,,,,,,,,,,,,,,"17,688,960",,,,,,,,,,,,,,,,,,,
		CurrentDebtAndCapitalLeaseObligation,"48,302,062","31,314,032","29,954,371","18,085,643","19,652,848","19,209,965","16,341,694","13,110,449","16,090,826","16,527,226","16,769,674","16,920,429","15,673,961","17,287,128","17,451,419","17,351,427","18,162,734","17,065,279","22,525,109","23,773,187","19,353,671","20,168,450","29,005,343","25,547,017","24,752,001",,,,"15,000,000","15,000,000",,"0","0","0","3,449,650","3,468,500","3,338,900",,,,,,,,,,,,,,,,,,,,,,,,,,,,,,,,,,,,,
			CurrentDebt,"32,063,829","16,031,929","13,031,929",,,,,,,,,,,,,,,,"6,011,000","6,801,000","3,500,000","5,000,000","9,000,000","4,991,000","4,991,000",,,,"15,000,000","15,000,000",,"0","0","0","3,449,650","3,468,500","3,338,900",,,,,,,,,,,,,,,,,,,,,,,,,,,,,,,,,,,,,
				CurrentNotesPayable,,,,,,,,,,,,,,,,,,,,,,,,,,,,,,,,,,,,,,,,,,,,,,,,,,,,,,,,,,,,,,,,,,,,,,,,,,"0"
				LineOfCredit,,,,,,,,,,,,,,,,,,,,,,,,,,,,,,"15,000,000",,,,,"3,449,650",,,,"0",,,,,,,,,,,,,,,,,,,,,,,,,,,,,,,,,,,
				OtherCurrentBorrowings,"32,063,829","16,031,929","13,031,929",,,,,,,,,,,,,,,,"6,011,000","6,801,000","3,500,000","5,000,000","9,000,000","4,991,000","4,991,000",,,,"15,000,000",,,,,,"3,449,650","3,468,500","3,338,900",,,,,,,,,,,,,,,,,,,,,,,,,,,,,,,,,,,,,
			CurrentCapitalLeaseObligation,"16,238,233","15,282,103","16,922,442","18,085,643","19,652,848","19,209,965","16,341,694","13,110,449","16,090,826","16,527,226","16,769,674","16,920,429","15,673,961","17,287,128","17,451,419","17,351,427","18,162,734","17,065,279","16,514,109","16,972,187","15,853,671","15,168,450","20,005,343","20,556,017","19,761,001",,,"0",,,,,,,,,,,,,,,,,,,,,,,,,,,,,,,,,,,,,,,,,,,,,,
		CurrentDeferredLiabilities,"292,413,743","294,623,424","289,321,892","280,036,806","300,274,793","290,402,679","278,490,583","252,145,949","272,871,580","261,500,386","244,386,057","219,717,574","237,726,731","227,056,775","208,692,644","202,453,092","223,142,487","224,376,519","207,839,887","199,448,112","201,988,560","190,302,136","179,957,578","171,880,131","214,418,771","873,294","1,533,976","1,633,976","1,393,700","2,554,740","2,190,073","10,804,951","36,949,709","10,983,290","10,221,897","13,285,968","50,070,890","10,332,234","16,612,164","9,971,800","37,854,841","6,815,445","21,742,735","8,470,548","29,907,698","9,823,306","8,383,327","14,512,268","6,911,315","10,763,565","7,376,527","8,825,542","41,873,615","10,206,250","27,333,088","19,926,334","19,017,827","16,209,844","19,100,619",,,"18,626,439","25,837,229","31,281,042","27,028,858","21,707,889","40,238,256","23,946,119","38,286,839.322","16,952,555.353","36,715,037.787","31,602,484.673","27,188,711.616","26,341,019"
			CurrentDeferredRevenue,"292,413,743","294,623,424","289,321,892","280,036,806","300,274,793","290,402,679","278,490,583","252,145,949","272,871,580","261,500,386","244,386,057","219,717,574","237,726,731","227,056,775","208,692,644","202,453,092","223,142,487","224,376,519","207,839,887","199,448,112","201,988,560","190,302,136","179,957,578","171,880,131","214,418,771","873,294","1,533,976","1,633,976","1,393,700","2,554,740","2,190,073","10,804,951","36,949,709","10,983,290","10,221,897","13,285,968","50,070,890","10,332,234","16,612,164","9,971,800","37,854,841","6,815,445","21,742,735","8,470,548","29,907,698","9,823,306","8,383,327","14,512,268","6,911,315","10,763,565","7,376,527","8,825,542","41,873,615","10,206,250","27,333,088","19,926,334","19,017,827","16,209,844","19,100,619",,,"18,626,439","25,837,229","31,281,042","27,028,858","21,707,889","40,238,256","23,946,119","38,286,839.322","16,952,555.353","36,715,037.787","31,602,484.673","27,188,711.616","26,341,019"
		OtherCurrentLiabilities,"31,408,157",,,"33,950,858",,,,"28,140,915",,,,"29,437,640",,,,"23,395,940",,,,"23,200,260",,,,"18,323,739",,,,"5,989,109",,"960,401,422","198,050,361","0","0","0","52,032,672","0","0","0","21,084,574","0","0","0","18,967,687","0",,"0","13,833,091","0","0","0","14,165,917",,,,"11,011,285",,,,,,,,,,,,,,,,,,,
	TotalNonCurrentLiabilitiesNetMinorityInterest,"17,579,017","14,233,741","19,239,700","22,785,664","22,235,866","24,672,260","27,353,594","21,562,935","24,934,378","28,424,889","32,125,447","38,408,066","31,154,985","38,087,531","44,874,016","48,297,162","48,105,765","45,423,714","49,122,584","52,991,237","45,004,731","47,838,883","54,018,488","60,741,929","48,792,773","978,750","0","0","39,131,956","61,851,570","57,352,611","25,298,567","15,261,374","17,394,129","24,352,494","1,380,767","1,646,517","1,942,033","1,878,751","1,474,890","1,646,517","1,750,219","1,763,732","1,729,726","1,827,223","2,037,137","2,195,382","2,176,270","2,320,860","2,553,621","2,702,975","2,517,175","2,758,133","2,999,090","3,240,047","3,403,820","3,527,246","3,740,422","3,936,448",,,"4,754,603","4,805,329","5,281,105","5,403,875","3,974,361","5,815,736","6,299,200","6,285,105.359","6,889,592.007","7,027,330.613","7,452,452.684","7,550,293.528","7,897,234"
		LongTermDebtAndCapitalLeaseObligation,"17,579,017","14,233,741","16,960,986","17,120,842","19,992,990","19,689,898","18,671,249","9,496,422","13,691,914","16,844,720","16,633,699","19,528,763","16,158,650","19,390,844","22,106,024","23,365,840","26,934,026","22,807,040","22,866,856","24,005,765",,,,"12,500,120",,,,,,,,,,,,,,,,,,,,,,,,,,,,,,,,,,,,,,,,,,,,,,,,,,
			LongTermCapitalLeaseObligation,"17,579,017","14,233,741","16,960,986","17,120,842","19,992,990","19,689,898","18,671,249","9,496,422","13,691,914","16,844,720","16,633,699","19,528,763","16,158,650","19,390,844","22,106,024","23,365,840","26,934,026","22,807,040","22,866,856","24,005,765",,,,"12,500,120",,,,,,,,,,,,,,,,,,,,,,,,,,,,,,,,,,,,,,,,,,,,,,,,,,
		NonCurrentDeferredLiabilities,"0","0","2,278,714","5,664,822","2,242,876","4,982,362","8,682,345","12,066,513","11,242,464","11,580,169","15,491,748","18,879,303","14,996,335","18,696,687","22,767,992","24,931,322","21,171,739","22,616,674","26,255,728","28,985,472","27,112,309","39,749,966","44,121,217","48,241,809","37,738,982",,,"0","676,593","24,134,990","20,352,821","24,628,920","14,245,548","14,738,303","24,352,494","1,380,767","1,646,517","1,942,033","1,878,751","1,474,890","1,646,517","1,750,219","1,763,732","1,729,726","1,827,223","2,037,137","2,195,382","2,176,270","2,320,860","2,553,621","2,702,975","2,517,175","139,931","2,999,090","3,240,047","3,403,820","3,527,246","3,740,422","3,936,448",,,"4,754,603","4,805,329","5,281,105","5,403,875","3,974,361","5,815,736","6,299,200",,,,,,"7,897,234"
			NonCurrentDeferredTaxesLiabilities,"0","0","2,278,714","5,664,822","2,242,876","4,982,362","8,682,345","12,066,513","11,242,464","11,580,169","15,491,748","18,879,303","14,996,335","18,696,687","22,767,992","24,931,322","21,171,739","22,616,674","26,255,728","28,985,472","27,112,309","39,749,966","44,121,217","48,241,809","37,738,982",,,"0","0","23,381,321","19,522,075","22,797,747","12,403,596","13,091,786","22,620,872",,,,"0",,,,,,,,"0","0","0","58,681","58,681","139,931","139,931","139,931","139,931","112,847","112,847","112,847","112,847",,,"131,524","131,524","167,014","166,979","194,062","189,583",,,,,,,
			NonCurrentDeferredRevenue,,,,,,,,,,,,,,,,,,,,,,,,,,,,,"676,593","753,669","830,746","1,831,173","1,841,952","1,646,517","1,731,622","1,380,767","1,646,517","1,942,033","1,878,751","1,474,890","1,646,517","1,750,219","1,763,732","1,729,726","1,827,223","2,037,137","2,195,382","2,176,270","2,320,860","2,494,940","2,644,294","2,377,244",,"2,859,159","3,100,116","3,290,973","3,414,399","3,627,575","3,823,601",,,"4,623,079","4,673,805","5,114,091","5,236,896","3,780,299","5,626,153","6,299,200",,,,,,"7,897,234"
		PreferredSecuritiesOutsideStockEquity,,,,,,,,,,,,,,,,,"0","0","49,427,494","48,498,368","47,566,642","46,652,818","45,766,198","44,896,428","44,031,794","40,733,908","39,959,774","39,208,619","38,455,363",,,,,,"0",,,,,,,,,,,,,,,,,,,,,,,,,,,,,,,,,,,,,,,
		LiabilitiesHeldforSaleNonCurrent,,,,,,,,,,,,,,,,,,,,,,,,,,,,"0","0","0","0",,,,,,,,,,,,,,,,,,,,,,,,,,,,,,,,,,,,,,,,,,,
		OtherNonCurrentLiabilities,,,,,,,,,,,,,,,,,,,,,"17,892,422","8,088,917","9,897,271","12,500,120","11,053,791","978,750",,,,"37,716,580","36,999,790","669,647","1,015,826","2,655,826","0","0","0","0","0","0","0","0","0","0",,"0","0","0","0","0","0",,"2,618,202",,,,,,,,,,,,,,,,,,,,,
TotalEquityGrossMinorityInterest,"58,820,745","55,814,706","66,394,513","79,646,192","66,221,696","80,202,601","96,128,029","112,973,707","103,516,289","110,189,695","126,285,140","143,514,190","142,498,849","153,326,714","174,665,250","190,899,534","194,131,249","220,252,272","227,892,511","247,746,232","307,322,723","293,963,548","329,335,148","350,531,620","353,936,845","289,786,926","301,972,710","315,392,856","293,533,742","229,408,381","327,076,689","401,377,010","344,219,280","354,259,904","392,457,228","442,563,033","366,217,327","399,454,340","394,230,588","415,732,223","375,847,550","386,205,188","377,322,408","391,175,627","372,224,255","364,328,233","411,891,872","421,163,060","382,680,121","385,515,948","375,547,719","378,741,745","343,376,687","375,193,618","366,414,571","360,028,154","318,856,723","314,663,090","364,063,000",,,"355,110,864","345,474,868","383,723,704","377,082,211","392,627,857","380,240,784","393,701,965","388,460,367.205","376,965,807.142","363,147,965.532","86,800,509.237","64,257,053.784","54,648,665"
	StockholdersEquity,"58,885,029","55,878,990","66,458,797","79,710,448","66,285,930","80,266,812","96,192,218","113,037,868","103,878,774","109,772,744","125,850,979","143,099,333","139,818,939","150,899,153","172,112,190","187,769,092","190,153,331","216,077,186","178,277,364","198,404,863","257,452,928","244,309,704","279,286,651","300,140,073","304,478,263","250,001,828","262,388,011","275,816,839","293,533,742","228,759,806","326,733,199","364,729,438","307,852,241","318,438,916","391,377,300","441,263,700","364,883,994","399,454,340","394,230,588","415,732,223","375,847,550","386,205,188","377,322,408","391,175,627","372,224,255","364,328,233","411,891,872","421,163,060","382,680,121","385,515,948","375,547,719","378,741,745","343,376,687","375,193,618","366,414,571","360,028,154","318,856,723","314,663,090","364,063,000",,,"355,110,864","345,474,868","383,723,704","377,082,211","392,627,857","380,240,784","393,701,965","388,460,367.205","376,965,807.142","363,147,965.532","86,800,509.237","64,257,053.784","54,648,665"
		CapitalStock,"4,764,603","4,764,603","4,758,893","4,755,623","4,733,961","4,733,961","4,730,128","4,730,128","4,723,672","4,721,436","4,720,147","4,720,147","4,720,147","4,720,147","4,720,147","4,720,147","4,720,147","4,720,147","4,720,147","4,716,675","4,716,675","4,716,675","4,711,930","4,692,312","4,290,814","3,633,817","3,633,817","3,534,871","3,534,871","3,534,871","3,534,871",,"3,534,871","3,534,871","3,533,912","3,533,912","3,533,912","3,533,912","3,530,704","3,526,080","3,526,080","3,526,080","3,513,718","3,509,349","3,509,349","3,509,349","3,474,894","3,470,303","3,472,799","3,472,799","3,461,060","3,452,317","3,452,317","3,452,317","3,442,803","3,438,758","3,437,001","3,428,840","3,428,840",,,"3,418,709","3,418,709","3,503,619","3,503,619","3,503,619","3,503,619","3,503,619","3,532,611.51","3,797,353.972","3,656,920.198","2,702,054.126","2,699,332.088","2,698,176"
			PreferredStock,,,,,,,,,,,,,,,,,,,,,,,,,,,,,,,,,,,,,,,,,,,,,,,,,,,,,,,,,,,,,,,,,,,,,,,,"605,167.437","604,559.896","604,299"
			CommonStock,"4,764,603","4,764,603","4,758,893","4,755,623","4,733,961","4,733,961","4,730,128","4,730,128","4,723,672","4,721,436","4,720,147","4,720,147","4,720,147","4,720,147","4,720,147","4,720,147","4,720,147","4,720,147","4,720,147","4,716,675","4,716,675","4,716,675","4,711,930","4,692,312","4,290,814","3,633,817","3,633,817","3,534,871","3,534,871","3,534,871","3,534,871","3,534,871","3,534,871","3,534,871","3,533,912","3,533,912","3,533,912","3,533,912","3,530,704","3,526,080","3,526,080","3,526,080","3,513,718","3,509,349","3,509,349","3,509,349","3,474,894","3,470,303","3,472,799","3,472,799","3,461,060","3,452,317","3,452,317","3,452,317","3,442,803","3,438,758","3,437,001","3,428,840","3,428,840",,,"3,418,709","3,418,709","3,503,619","3,503,619","3,503,619","3,503,619","3,503,619","3,532,611.51","3,797,353.972","3,656,920.198","2,096,886.689","2,094,772.192","2,093,877"
			OtherCapitalStock,,,,,,,,,,,,,,,,,,,,,,,,,,,,,,,,"0","0","0","0","0","0","0","0","0","0","0","0","0",,"0","0","0","0","0","0","0","0","0","0",,"0","0","0","0","0","0","0","0","0","0",,,"0","0",,"0","0",
		AdditionalPaidInCapital,"548,711,589","548,183,361","547,992,475","547,915,003","547,865,450","547,095,716","546,295,081","545,222,465","544,552,861","543,178,952","542,496,425","542,058,092","540,847,718","540,765,380","540,576,988","540,583,564","540,513,460","540,507,303","540,596,152","541,272,503","561,009,660","560,629,110","559,044,500","560,814,066","491,028,196","412,941,419","412,043,197","410,195,990","413,855,709","393,742,169","391,383,169",,"382,818,572","377,291,538","402,631,430","398,753,371","397,721,264","396,712,338","395,876,282","394,528,392","392,527,675","390,496,231","387,502,800","385,869,281","389,127,032","386,545,958","437,964,776","433,410,729","430,372,880","428,701,991","427,443,700","424,283,151","421,488,674","444,001,173","440,832,695","438,240,745","433,975,559","429,907,429","491,585,143",,,"487,386,876","485,907,507","504,979,439","502,699,362","501,628,024","500,350,068","499,356,450","502,242,244.189","512,205,893.474","498,470,683.612","209,575,768.849","204,277,438.896","203,139,446"
		RetainedEarnings,"-449,550,590","-451,920,026","-441,151,591","-427,806,949","-441,045,983","-426,393,737","-409,640,249","-391,709,172","-400,264,774","-393,013,912","-375,800,943","-358,048,927","-360,066,088","-348,079,921","-326,009,894","-310,156,018","-307,606,020","-281,405,049","-318,943,586","-298,533,669","-237,694,169","-255,592,375","-222,050,041","-200,151,065","-126,712,456","-100,678,117","-86,157,312","-71,888,585","-57,985,838","-113,687,695","-13,380,229","25,884,905","-24,418,428","-8,459,563","38,018,802","91,712,703","16,300,607","51,878,166","47,734,804","63,106,045","13,753,034","27,821,731","21,683,617","36,682,098","12,064,308","3,233,400","-1,372,103","12,018,003","-23,560,007","-19,239,975","-28,648,538","-22,526,439","-55,679,713","-46,592,253","-51,856,528","-55,152,258","-93,210,555","-94,653,268","-107,697,998",,,"-118,501,810","-127,452,014","-89,331,087","-95,773,574","-79,411,774","-92,102,023","-80,222,388","-94,898,149.676","-102,408,821.348","-114,934,522.878","-109,347,236.878","-126,605,895.824","-135,082,017"
		TreasuryStock,"8,201,046","8,201,046","8,201,046","8,201,046","8,201,046","8,201,046","8,201,046","8,201,046","8,201,046","8,201,046","8,511,943","8,626,894","8,779,815","9,270,884","9,580,716","9,818,754","10,043,516","10,277,602","10,761,126","11,625,924","31,740,603","29,538,999","27,737,073","27,737,073","27,737,073","27,737,073","27,737,073","27,737,072","27,737,073","27,737,073","27,737,073","27,737,073","27,737,073","27,737,073","27,737,073","27,737,073","27,737,073","27,737,073","27,737,073","20,353,227","8,286,542","8,201,045","8,201,045","7,460,624","5,349,519","1,832,850","1,029,766","461,885","461,885","461,885","329,357","199,401",,,"0",,,,,,,,"0","19,077,899","17,018,432","16,677,623","10,126,861","7,509,483",,"16,098,184.301","16,110,066.641","16,130,076.86","16,113,821.376","16,106,940"
		GainsLossesNotAffectingRetainedEarnings,"-36,839,527","-36,947,902","-36,939,934","-36,952,183","-37,066,452","-36,968,082","-36,991,696","-37,004,507","-36,931,939","-36,912,686","-37,052,707","-37,003,085","-36,903,023","-37,235,569","-37,594,335","-37,559,847","-37,430,740","-37,467,613","-37,334,223","-37,424,722","-38,838,635","-35,904,707","-34,682,665","-37,478,167","-36,391,218","-38,158,218","-39,394,618","-38,288,364","-38,133,927","-27,092,466","-27,067,539","-26,850,955","-26,345,701","-26,190,857","-25,069,771","-24,999,213","-24,934,716","-24,933,003","-25,174,129","-25,075,067","-25,672,697","-27,437,809","-27,176,682","-27,424,477","-27,126,915","-27,127,624","-27,145,929","-27,274,090","-27,143,666","-26,956,982","-26,379,146","-26,267,883","-25,884,591","-25,667,619","-26,004,399","-25,935,095","-25,345,282","-24,019,911","-22,217,189",,,"-17,192,911","-16,399,334","-16,350,368","-16,328,764","-16,414,389","-16,157,846","-16,200,060","-22,416,338.819","-20,530,434.655","-7,935,048.758",,,
			OtherEquityAdjustments,"-36,839,527","-36,947,902","-36,939,934","-36,952,183","-37,066,452","-36,968,082","-36,991,696","-37,004,507","-36,931,939","-36,912,686","-37,052,707","-37,003,085","-36,903,023","-37,235,569","-37,594,335","-37,559,847","-37,430,740","-37,467,613","-37,334,223","-37,424,722","-38,838,635","-35,904,707","-34,682,665","-37,478,167","-36,391,218","-38,158,218","-39,394,618","-38,288,364",,,,,"-26,345,701","-26,190,857","-25,069,771","-24,999,213","-24,934,716","-24,933,003","-25,174,129","-25,075,067","-25,672,697","-27,437,809","-27,176,682","-27,424,477","-27,126,915","-27,127,624","-27,145,929","-27,274,090","-27,143,666","-26,956,982","-26,379,146","-26,267,883",,,"-26,004,399",,,,,,,,,,,,,,,,,,,
		OtherEquityInterest,,,,,,,,,,,,,,,,,,,,,,,,,,,,"-1",,,,,,,,,,,,,,,,,,,,,,,,,,,,"-563,996",,,"-1,035,796",,,,,,,,"-5,226,173","-5,226,173",,,,,,
	MinorityInterest,"-64,284","-64,284","-64,284","-64,256","-64,234","-64,211","-64,189","-64,161","-362,485","416,951","434,161","414,857","2,679,910","2,427,561","2,553,060","3,130,442","3,977,918","4,175,086","49,615,147","49,341,369","49,869,795","49,653,844","50,048,497","50,391,547","49,458,582","39,785,098","39,584,699","39,576,017","0","648,575","343,490","36,647,572","36,367,039","35,820,988","1,079,928","1,299,333","1,333,333",,"0",,,,,,,,,,,,,,,,,,,,,,,,,,,,,,,,,,,
TotalCapitalization,"58,885,029","55,878,990","66,458,797","79,710,448","66,285,930","80,266,812","96,192,218","113,037,868","103,878,774","109,772,744","125,850,979","143,099,333","139,818,939","150,899,153","172,112,190","187,769,092","190,153,331","216,077,186","178,277,364","198,404,863","257,452,928","244,309,704","279,286,651","300,140,073","304,478,263","250,001,828","262,388,011","275,816,839","293,533,742","228,759,806","326,733,199","364,729,438","307,852,241","318,438,916","391,377,300","441,263,700","364,883,994","399,454,340","394,230,588","415,732,223","375,847,550","386,205,188","377,322,408","391,175,627","372,224,255","364,328,233","411,891,872","421,163,060","382,680,121","385,515,948","375,547,719","378,741,745","343,376,687","375,193,618","366,414,571","360,028,154","318,856,723","314,663,090","364,063,000",,,"355,110,864","345,474,868","383,723,704","377,082,211","392,627,857","380,240,784","393,701,965","388,460,367.205","376,965,807.142","363,147,965.532","86,800,509.237","64,257,053.784","54,648,665"
PreferredStockEquity,,,,,,,,,,,,,,,,,,,,,,,,,,,,,,,,,,,,,,,,,,,,,,,,,,,,,,,,,,,,,,,,,,,,,,,,"605,167.437","604,559.896","604,299"
CommonStockEquity,"58,885,029","55,878,990","66,458,797","79,710,448","66,285,930","80,266,812","96,192,218","113,037,868","103,878,774","109,772,744","125,850,979","143,099,333","139,818,939","150,899,153","172,112,190","187,769,092","190,153,331","216,077,186","178,277,364","198,404,863","257,452,928","244,309,704","279,286,651","300,140,073","304,478,263","250,001,828","262,388,011","275,816,839","293,533,742","228,759,806","326,733,199","364,729,438","307,852,241","318,438,916","391,377,300","441,263,700","364,883,994","399,454,340","394,230,588","415,732,223","375,847,550","386,205,188","377,322,408","391,175,627","372,224,255","364,328,233","411,891,872","421,163,060","382,680,121","385,515,948","375,547,719","378,741,745","343,376,687","375,193,618","366,414,571","360,028,154","318,856,723","314,663,090","364,063,000",,,"355,110,864","345,474,868","383,723,704","377,082,211","392,627,857","380,240,784","393,701,965","388,460,367.205","376,965,807.142","363,147,965.532","86,195,341.8","63,652,493.888","54,044,366"
CapitalLeaseObligations,"33,817,250","29,515,844","33,883,428","35,206,485","39,645,838","38,899,863","35,012,943","22,606,871","29,782,740","33,371,946","33,403,373","36,449,192","31,832,611","36,677,972","39,557,443","40,717,267","45,096,760","39,872,319","39,380,965","40,977,952","15,853,671","15,168,450","20,005,343","33,056,137","19,761,001",,,"0",,,,,,,,,,,,,,,,,,,,,,,,,,,,,,,,,,,,,,,,,,,,,,
NetTangibleAssets,"-171,896,130","-177,779,946","-171,633,473","-162,815,155","-180,673,006","-171,125,458","-154,675,052","-142,137,735","-155,605,162","-154,019,526","-142,249,624","-129,309,603","-135,363,802","-128,711,921","-111,867,217","-100,338,649","-102,262,743","-80,647,221","-122,755,377","-106,936,211","-56,446,365","-76,774,566","-51,306,701","-35,938,492","-87,566,023","234,891,041","246,271,329","258,694,261","288,794,308","223,396,245","321,007,177","307,036,476","265,315,918","275,245,506","347,526,804","400,933,477","323,842,019","367,739,761","362,467,791","383,921,207","343,988,316","354,297,736","345,366,737","359,171,738","339,826,007","331,571,614","379,087,035","388,966,297","345,431,593","347,638,822","337,041,995","339,607,423","303,613,767","334,802,100","325,394,455","318,334,995","276,468,298","271,579,402","320,284,046",,,"309,178,341","298,845,427","336,397,346","329,058,935","343,907,663","330,823,673","386,821,842","381,523,316.494","370,089,425.433","356,266,505.794","79,910,503.883","57,373,994.208","47,768,542"
WorkingCapital,"-259,593,621","-304,009,638","-298,468,966","-287,855,735","-310,718,301","-296,095,357","-266,307,322","-243,957,610","-262,339,146","-260,612,548","-243,727,433","-227,279,991","-232,395,438","-223,926,094","-204,879,317","-192,571,464","-201,472,961","-183,389,938","-173,391,533","-153,943,963","-134,866,187","-119,426,347","-94,482,246","-81,256,133","-141,042,702","160,982,669","172,242,146","193,648,987","200,454,609","154,175,042","262,780,079",,"156,077,643","170,078,601","192,915,098","206,656,909","121,290,087","145,278,919","242,136,360","264,038,925","218,909,928","234,738,887","236,792,506","252,129,776","266,907,796","260,605,825","320,943,377","329,363,998","285,309,690","286,514,112","275,202,309","274,562,590","237,014,753","272,243,559","264,003,875","257,417,932","217,423,236","210,817,810","258,043,456",,,"241,983,138","230,850,794","246,368,160","260,642,472","323,730,529","313,813,393","354,286,338","357,090,663.348","348,408,159.25","336,843,741.676","48,811,200.425","38,503,046.584","31,036,191"
InvestedCapital,"90,948,858","71,910,919","79,490,726","79,710,448","66,285,930","80,266,812","96,192,218","113,037,868","103,878,774","109,772,744","125,850,979","143,099,333","139,818,939","150,899,153","172,112,190","187,769,092","190,153,331","216,077,186","184,288,364","205,205,863","260,952,928","249,309,704","288,286,651","305,131,073","309,469,263","250,001,828","262,388,011","275,816,839","308,533,742","243,759,806","326,733,199","364,729,438","307,852,241","318,438,916","394,826,950","444,732,200","368,222,894","399,454,340","394,230,588","415,732,223","375,847,550","386,205,188","377,322,408","391,175,627","372,224,255","364,328,233","411,891,872","421,163,060","382,680,121","385,515,948","375,547,719","378,741,745","343,376,687","375,193,618","366,414,571","360,028,154","318,856,723","314,663,090","364,063,000",,,"355,110,864","345,474,868","383,723,704","377,082,211","392,627,857","380,240,784","393,701,965","388,460,367.205","376,965,807.142","363,147,965.532","86,195,341.8","63,652,493.888","54,044,366"
TangibleBookValue,"-171,896,130","-177,779,946","-171,633,473","-162,815,155","-180,673,006","-171,125,458","-154,675,052","-142,137,735","-155,605,162","-154,019,526","-142,249,624","-129,309,603","-135,363,802","-128,711,921","-111,867,217","-100,338,649","-102,262,743","-80,647,221","-122,755,377","-106,936,211","-56,446,365","-76,774,566","-51,306,701","-35,938,492","-87,566,023","234,891,041","246,271,329","258,694,261","288,794,308","223,396,245","321,007,177","307,036,476","265,315,918","275,245,506","347,526,804","400,933,477","323,842,019","367,739,761","362,467,791","383,921,207","343,988,316","354,297,736","345,366,737","359,171,738","339,826,007","331,571,614","379,087,035","388,966,297","345,431,593","347,638,822","337,041,995","339,607,423","303,613,767","334,802,100","325,394,455","318,334,995","276,468,298","271,579,402","320,284,046",,,"309,178,341","298,845,427","336,397,346","329,058,935","343,907,663","330,823,673","386,821,842","381,523,316.494","370,089,425.433","356,266,505.794","79,305,336.445","56,769,434.312","47,164,243"
TotalDebt,"65,881,079","45,547,773","46,915,357","35,206,485","39,645,838","38,899,863","35,012,943","22,606,871","29,782,740","33,371,946","33,403,373","36,449,192","31,832,611","36,677,972","39,557,443","40,717,267","45,096,760","39,872,319","45,391,965","47,778,952","19,353,671","20,168,450","29,005,343","38,047,137","24,752,001",,,"0","15,000,000","15,000,000",,"0","0","0","3,449,650","3,468,500","3,338,900",,,,,,,,,,,,,,,,,,,,,,,,,,,,,,,,,,,,,
ShareIssued,"64,094,382",,"63,249,096","63,834,454","63,533,106","62,947,748","64,485,358","64,585,618","62,802,810","63,171,840","63,171,840","63,829,698","62,753,840","62,753,840","62,753,840","63,339,198","62,753,840","63,402,376","63,402,376","63,286,360","62,701,002","62,701,002","63,476,808","62,942,436","56,760,944","48,646,094","48,646,094","46,382,244","47,754,386","47,754,386","47,754,386",,"48,436,886","48,436,886","49,068,082","48,482,724","45,842,724","45,842,724","46,439,706","45,905,582","45,905,582","45,905,582","46,490,940","46,337,518","46,337,518","46,337,518","46,128,636","45,200,000","45,300,000","45,300,000","46,026,752","45,000,000","45,000,000","46,000,000","47,109,126","45,700,000","44,700,000","44,700,000","44,596,416",,,"44,400,000","44,441,762","44,800,000","45,700,000","45,700,000","46,227,728","45,700,000","45,700,000","43,600,000","47,179,320","43,378,710","43,378,710","43,378,710"
OrdinarySharesNumber,"63,509,024",,"63,249,096","63,249,096","62,947,748","62,947,748","63,900,000","64,000,260","62,802,810","63,171,840","63,171,840","63,244,340","62,753,840","62,753,840","62,753,840","62,753,840","62,753,840","63,402,376","63,402,376","62,701,002","62,701,002","62,701,002","63,476,808","62,357,078","56,760,944","48,646,094","48,646,094","45,796,886","47,754,386","47,754,386","47,754,386",,"48,436,886","48,436,886","48,482,724","48,482,724","45,842,724","45,842,724","45,854,348","45,905,582","45,905,582","45,905,582","45,460,582","46,337,518","46,337,518","46,337,518","46,091,518","45,200,000","45,300,000","45,300,000","46,000,312","45,000,000","45,000,000","46,000,000","45,962,376","45,700,000","44,700,000","44,700,000","44,596,416",,,"44,400,000","44,441,762","44,800,000","45,700,000","45,700,000","45,675,514","45,700,000","45,700,000","43,600,000","43,600,000","43,378,710","43,378,710","43,378,710"
TreasurySharesNumber,"585,358",,,"585,358","585,358",,"585,358","585,358",,,,"585,358",,,,"585,358",,,,"585,358",,,,"585,358",,,,"585,358",,,,,,,"585,358",,,,"585,358",,,,"1,030,358",,,,"37,118",,,,"26,440",,,,"1,146,750",,,,,,,,,,,,"552,214",,,,"3,579,320",,,